,Prediate,Tense,ActivePred,Cannon,Negation,Episataus,Comments
,treat,present,,,,,
,not treat,present,,,TRUE,,
,will treat,future,,treat,,,
,can treat,future,,treat,,,
,might treat,future,,treat,,speculative,
,may treat,future,,treat,,speculative,
,could treat,future,,treat,,speculative,
,treats,present,,treat,,,
,can not treat,present,,treat,TRUE,,
,treated,past,,treat,,,
,cannot treat,present,,treat,TRUE,,
,can't treat,present,,treat,TRUE,,
,is treated by,present,treat,,,,
,are treated by,present,treat,,,,
,was treated by,past,treat,,,,
,were treated by,past,treat,,,,
,is not treated by,present,not treat,,TRUE,,
,isn't treated by,present,not treat,,TRUE,,
,was not treated by,past,not treat,,TRUE,,
,wasn't treated by,past,not treat,,TRUE,,
,were not treated by,past,not treat,,TRUE,,
,can not be treated by,present,not treat,,TRUE,,
,cannot be treated by,present,not treat,,TRUE,,
,can't be treated by,present,not treat,,TRUE,,
,will not be treated by,future,not treat,,TRUE,,
,won't be treated by,future,not treat,,TRUE,,
,will not treat,future,,not treat,TRUE,,
,won't treat,future,,not treat,TRUE,,
f,did not treat,past,,not treat,TRUE,,
,didn't treat,past,,not treat,TRUE,,
,does not treat,present,,not treat,TRUE,,
,doesn't treat,present,,not treat,TRUE,,
,is thought to treat,present,,treat,,speculative,
,was thought to trreat,past,,treat,,speculative,
,were thought to treat,past,,treat,,speculative,
,has been thought to treat,past,,treat,,speculative,
,have been thought to treat,past,,treat,,speculative,
,is thought to be treated by,present,treat,,,speculative,
,was thought to be treated by,past,treat,,,speculative,
,were thought to be treated by,past,treat,,,speculative,
,is thought to have been treated by,past,treat,,,speculative,
,was thought to have been treated by,past,treat,,,speculative,
,were thought to have been treated by,past,treat,,,speculative,
,has been thought to have been treated by,past,treat,,,speculative,
,have been thought to have been treated by,past,treat,,,speculative,
,has been thought to be treated by,past,treat,,,speculative,
,have been thought to be treated by,past,treat,,,speculative,
,prevent,present,,,,,
,not prevent,present,,,TRUE,,
,can prevent,future,,prevent,,,
,might prevent,future,,prevent,,speculative,
,may prevent,future,,prevent,,speculative,
,could prevent,present,,prevent,,speculative,
,prevents,present,,prevent,,,
,prevented,past,,prevent,,,
,is prevented by,present,prevent,,,,
,are prevented by,present,prevent,,,,
,was prevented by,past,prevent,,,,
,were prevented by,past,prevent,,,,
,is not prevented by,present,not prevent,,TRUE,,
,isn't prevented by,present,not prevent,,TRUE,,
,was not prevented by,past,not prevent,,TRUE,,
,wasn't prevented by,past,not prevent,,TRUE,,
,were not prevented by,past,not prevent,,TRUE,,
,weren't prevented by,past,not prevent,,TRUE,,
,can not be prevented by,present,not prevent,,TRUE,,
,cannot be prevented by,present,not prevent,,TRUE,,
,can't be prevented by,present,not prevent,,TRUE,,
,will not be prevented by,future,not prevent,,TRUE,,
,won't be prevented by,future,not prevent,,TRUE,,
,will not prevent,future,,not prevent,TRUE,,
,won't prevent,future,,not prevent,TRUE,,
,can not prevent,future,,not prevent,TRUE,,
,cannot prevent,present,,not prevent,TRUE,,
,can't prevent,futurre,,not prevent,TRUE,,
,did not prevent,past,,not prevent,TRUE,,
,didn't prevent,past,,not prevent,TRUE,,
,does not prevent,present,,not prevent,TRUE,,
,doesn't prevent,present,,not prevent,TRUE,,
,is thought to prevent,present,,prevent,,speculative,
,was thought to prevent,past,,prevent,,speculative,
,were thought to prevent,past,,prevent,,speculative,
,has been thought to prevent,past,,prevent,,speculative,
,have been thought to prevent,past,,prevent,,speculative,
,is thought to be prevented by,present,prevent,,,speculative,
,is thought to have been prevented by,past,prevent,,,speculative,
,was thought to be prevented by,past,prevent,,,speculative,
,was thought to have been prevented by,past,prevent,,,speculative,
,were thought to be prevented by,past,prevent,,,speculative,
,have been thought to beprevented by,past,prevent,,,speculative,
,were thought to have been prevented by,past,prevent,,,speculative,
,has been thought to be prevented by,past,prevent,,,speculative,
,has been thought to have been prevented by,past,prevent,,,speculative,
,have been thought to have been prevented by,past,prevent,,,speculative,
,predispose,present,,,,,
,not predispose,present,,,TRUE,,
,can predispose,future,,predispose,,,
,might predispose,future,,predispose,,speculative,
,may predispose,future,,predispose,,speculative,
,could predispose,present,,predispose,,speculative,
,predisposes,present,,predispose,,,
,predisposed,past,,predispose,,,
,is predisposed by,present,predispose,,,,"Neeed to think about ""is predisposed to"""
,are predisposed by,present,predispose,,,,
,was predisposed by,past,predispose,,,,
,were predisposed by,past,predispose,,,,
,is not predisposed by,present,not predispose,,TRUE,,
,isn't predisposed by,present,not predispose,,TRUE,,
,was not predisposed by,past,not predispose,,TRUE,,
,wasn't predisposed by,past,not predispose,,TRUE,,
,were not predisposed by,past,not predispose,,TRUE,,
,weren't predisposed by,past,not predispose,,TRUE,,
,can not be predisposed by,present,not predispose,,TRUE,,
,cannot be predisposed by,present,not predispose,,TRUE,,
,can't be predisposed by,present,not predispose,,TRUE,,
,will not be predisposed by,future,not predispose,,TRUE,,
,won't be predisposed by,future,not predispose,,TRUE,,
,will not predispose,future,,not predispose,TRUE,,
,won't predispose,future,,not predispose,TRUE,,
,can not predispose,future,,not predispose,TRUE,,
,cannot predispose,future,,not predispose,TRUE,,
,can't predispose,futurre,,not predispose,TRUE,,
,did not predispose,past,,not predispose,TRUE,,
,didn't predispose,past,,not predispose,TRUE,,
,does not predispose,present,,not predispose,TRUE,,
,doesn't predispose,present,,not predispose,TRUE,,
,is thought to predispose,present,,predispose,,speculative,
,was thought to predispose,past,,predispose,,speculative,
,were thought to predispose,past,,predispose,,speculative,
,has been thought to predispose,past,,predispose,,speculative,
,have been thought to predispose,post,,predispose,,speculative,
,is thought to be predisposed by,present,predispose,,,speculative,
,is thought to have been predisposed by,past,predispose,,,speculative,
,was thought to be predisposed by,past,predispose,,,speculative,
,was thought to have been predisposed by,past,predispose,,,speculative,
,were thought to be predisposed by,past,predispose,,,speculative,
,were thought to have been predisposed by,past,predispose,,,speculative,
,has been thought to have been predisposed by,past,predispose,,,speculative,
,have been thought to have been predisposedd by,past,predispose,,,speculative,
,encourage,present,,,,,
,not encourage,present,,,TRUE,,
,can encourage,future,,encourage,,,
,can not encourage,present,,not encourage,TRUE,,
,cannot  encourage,present,,not encourage,TRUE,,
,can't encourage,present,,not encourage,TRUE,,
,might encourage,future,,encourage,,speculative,
,could encourage,future,,encourage,,speculative,
,may encourage,future,,encourage,,speculative,
,encourages,present,,encourage,,,
,encouraged,past,,encourage,,,
,is encouraged by,present,encourage,,,,"Neeed to think about ""is predisposed to"""
,are encouraged by,present,encourage,,,,
,was encouraged by,past,encourage,,,,
,were encouraged by,past,encourage,,,,
,is not encouraged by,present,not encourage,,TRUE,,
,isn't encouraged by,present,not encourage,,TRUE,,
,was not encouraged by,past,not encourage,,TRUE,,
,were not encouraged by,past,not encourage,,TRUE,,
,weren't encouraged by,past,not encourage,,TRUE,,
,can not be encouraged by,present,not encourage,,TRUE,,
,cannot be encouraged by,present,not encourage,,TRUE,,
,can't be encouraged by,present,not encourage,,TRUE,,
,will not be encouraged by,future,not encourage,,TRUE,,
,won't be encouraged by,future,not encourage,,TRUE,,
,will not encourage,future,,not encourage,TRUE,,
,won't encourage,future,,not encourage,TRUE,,
,did not encourage,past,,not encourage,TRUE,,
,didn't encourage,past,,not encourage,TRUE,,
,does not encourage,present,,not encourage,TRUE,,
,doesn't encourage,present,,not encourage,TRUE,,
,is thought to encourage,present,,encourage,,speculative,
,was thought to encurage,past,,encourage,,speculative,
,were thought to encourage,past,,encourage,,speculative,
,has been thought to encourage,past,,encourage,,speculative,
,is thought to have been encouraged by,past,encourage,,,speculative,
,is thought to be encouraged by,present,encourge,,,speculative,
,was thought to have been encouraged by,past,encourage,,,speculative,
,was thought to be encouraged by,past,encourage,,,speculative,
,were thought to have been encouraged by,past,encourage,,,speculative,
,were thought to be encouraged by,past,encourage,,,speculative,
,has been thought to have been encouraged by,past,encourage,,,speculative,
,has been thought to be encouraged by,past,encourage,,,speculative,
,have been thought to be encouraged by,past,encourge,,,speculative,
,have been thought to have been encouraged by,past,encourage,,,speculative,
,discourage,present,,,,,
,not discourage,present,,,TRUE,,
,can discourage,future,,discourage,,,
,can not discourage,present,,not discourage,TRUE,,
,cannot discourage,present,,not discourage,TRUE,,
,can't discourage,present,,not discourage,TRUE,,
,might discourage,future,,discourage,,speculative,
,could discourage,future,,discourage,,speculative,
,may discourage,future,,discourage,,speculative,
,discourages,present,,discourage,,,
,discouraged,past,,discourage,,,
,is discouraged by,present,discourage,,,,"Neeed to think about ""is predisposed to"""
,are discouraged by,present,discourage,,,,
,was discouraged by,past,discourage,,,,
,were discouraged by,past,discourage,,,,
,is not discouraged by,present,not discourage,,TRUE,,
,isn't discouraged by,present,not discourage,,TRUE,,
,was not discouraged by,past,not discourage,,TRUE,,
,were not discouraged by,past,not discourage,,TRUE,,
,weren't discouraged by,past,not discourage,,TRUE,,
,can not be discouraged by,present,not discourage,,TRUE,,
,cannot be discouraged by,present,not discourage,,TRUE,,
,can't be discouraged by,present,not discourage,,TRUE,,
,will not be discouraged by,future,not discourage,,TRUE,,
,won't be discouraged by,future,not discourage,,TRUE,,
,will not discourage,future,,not discourage,TRUE,,
,won't discourage,future,,not discourage,TRUE,,
,does discourage,present,,discourage,,,
,did not discourage,past,,not discourage,TRUE,,
,didn't discourage,past,,not discourage,TRUE,,
,does not discourage,present,,not discourage,TRUE,,
,doesn't discourage,present,,not discourage,TRUE,,
,is thought to discourage,present,,discourage,,speculative,
,was thought to discourage,past,,discourage,,speculative,
,were thought to discourage,past,,discourage,,speculative,
,has been thought to discourage,past,,discourage,,speculative,
,is thought to be discouraged by,present,discourage,,,speculative,
,was thought to be discouraged by,past,discourage,,,speculative,
,were thought to be discouraged by,past,discourage,,,speculative,
,has been thought to be discouraged by,past,discourage,,,speculative,
,have been thought to be discouraged by,past,discourage,,,speculative,
,was thought to have been discouraged by,past,discourage,,,speculative,
,were thought to have been discouraged by,past,discourage,,,speculative,
,has been thought to have been discouraged by,past,discourage,,,speculative,
,catalyze,present,,,TRUE,,
,not catalyze,present,,,,,
,can catalyze,future,,catalyze,,,
,does catalyze,present,,catalyze,,,
,can not catalyze,present,,not catalyze,TRUE,,
,cannot catalyze,present,,not catalyze,TRUE,,
,can't catalyze,present,,not catalyze,TRUE,,
,might catalyze,future,,catalyze,,speculative,
,could catalyze,future,,catalyze,,speculative,
,may catalyze,future,,catalyze,,speculative,
,catalyzes,present,,catalyze,,,
,catalyzed,past,,catalyze,,,
,is catalyzed by,present,catalyze,,,,"Neeed to think about ""is catalyzed to"""
,are catalyzed by,present,catalyze,,,,
,was catalyzed by,past,catalyze,,,,
,were catalyzed by,past,catalyze,,,,
,is not catalyzed by,present,not catalyze,,TRUE,,
,isn't catalyzed by,present,not catalyze,,TRUE,,
,was not catalyzed by,past,not catalyze,,TRUE,,
,were not catalyzed by,past,not catalyze,,TRUE,,
,weren't catalyzed by,past,not catalyze,,TRUE,,
,can not be catalyzed by,present,not catalyze,,TRUE,,
,cannot be catalyzed by,present,not catalyze,,TRUE,,
,can't be catalyzed by,present,not catalyze,,TRUE,,
,will not be catalyzed by,future,not catalyze,,TRUE,,
,won't be catalyzed by,future,not catalyze,,TRUE,,
,will not catalyze,future,,not catalyze,TRUE,,
,won't catalyze,future,,not catalyze,TRUE,,
,did not catalyze,past,,not catalyze,TRUE,,
,didn't catalyze,past,,not catalyze,TRUE,,
,does not catalyze,present,,not catalyze,TRUE,,
,doesn't catalyze,present,,not catalyze,TRUE,,
,is thought to catalyze,present,,catalyze,,speculative,
,was thought to catalyze,past,,catalyze,,speculative,
,were thought to catalyze,past,,catalyze,,speculative,
,has been thought to catalyze,past,,catalyze,,speculative,
,is thought to be catalyzed by,present,catalyze,,,speculative,
,was thought to be catalyzed by,past,catalyze,,,speculative,
,were thought to be catalyzed by,past,catalyze,,,speculative,
,has been thought to be catalyzed by,past,catalyze,,,speculative,
,have been thought to be catalyzed by,past,catalyze,,,speculative,
,was thought to have been catalyzed by,past,catalyze,,,speculative,
,were thought to have been catalyzed by,past,catalyze,,,speculative,
,has been thought to have been catalyzed by,past,catalyze,,,speculative,
,conjugate,present,,,,,
,not conjugate,presenti,,,TRUE,,
,can conjugate,future,,conjugate,,,
,does conjugate,present,,conjugate,,,
,can not conjugate,present,,not conjugate,TRUE,,
,cannot conjugate,present,,not conjugate,TRUE,,
,can't conjugate,present,,not conjugate,TRUE,,
,might conjugate,future,,conjugate,,speculative,
,could conjugate,future,,conjugate,,speculative,
,may conjugate,future,,conjugate,,speculative,
,conjugates,present,,conjugate,,,
,conjugated,past,,conjugate,,,
,is conjugated by,present,conjugate,,,,
,are conjugated by,present,conjugate,,,,
,was conjugated by,past,conjugate,,,,
,were conjugated by,past,conjugate,,,,
,is not conjugated by,present,not conjugate,,TRUE,,
,isn't conjugated by,present,not conjugate,,TRUE,,
,was not conjugated by,past,not conjugate,,TRUE,,
,were not conjugated by,past,not conjugate,,TRUE,,
,weren't conjugated by,past,not conjugate,,TRUE,,
,can not be conjugated by,present,not conjugate,,TRUE,,
,cannot be conjugated by,present,not conjugate,,TRUE,,
,can't be conjugated by,present,not conjugate,,TRUE,,
,will not be conjugated by,future,not conjugate,,TRUE,,
,won't be conjugated by,future,not conjugate,,TRUE,,
,will not conjugate,future,,not conjugate,TRUE,,
,won't conjugate,future,,not conjugate,TRUE,,
,did not conjugate,past,,not conjugate,TRUE,,
,didn't conjugate,past,,not conjugate,TRUE,,
,does not conjugate,present,,not conjugate,TRUE,,
,doesn't conjugate,present,,not conjugate,TRUE,,
,is thought to conjugate,present,,conjugate,,speculative,
,was thought to conjugate,past,,conjugate,,speculative,
,were thought to conjugate,past,,conjugate,,speculative,
,has been thought to conjugate,past,,conjugate,,speculative,
,is thought to be conjugated by,present,conjugate,,,speculative,
,was thought to be conjugated by,past,conjugate,,,speculative,
,were thought to be conjugated by,past,conjugate,,,speculative,
,has been thought to be conjugated by,past,conjugate,,,speculative,
,have been thought to be conjugated by,past,conjugate,,,speculative,
,was thought to have been conjugated by,past,conjugate,,,speculative,
,were thought to have been conjugated by,past,conjugate,,,speculative,
,has been thought to have been conjugated by,past,conjugate,,,speculative,
,connect,present,,,,,
,not connect,present,,,,,
,can connect,future,,connect,,,
,does connect,present,,connect,,,
,can not connect,present,,not connect,TRUE,,
,cannot connect,present,,not connect,TRUE,,
,can't connect,present,,not connect,TRUE,,
,might connect,future,,connect,,speculative,
,could connect,future,,connect,,speculative,
,may connect,future,,connect,,speculative,
,connects,present,,connect,,,
,connected,past,,connect,,,
,is connected by,present,connect,,,,is connected to/with
,are connected by,present,connect,,,,
,was connected by,past,connect,,,,
,were connected by,past,connect,,,,
,is not connected by,present,not connect,,TRUE,,
,isn't connected by,present,not connect,,TRUE,,
,was not connected by,past,not connect,,TRUE,,
,were not connected by,past,not connect,,TRUE,,
,weren't cconnected by,past,not connect,,TRUE,,
,can not be connected by,present,not connect,,TRUE,,
,cannot be connected by,present,not connect,,TRUE,,
,can't be connected by,present,not connect,,TRUE,,
,will not be connected by,future,not connect,,TRUE,,
,won't be connected by,future,not connect,,TRUE,,
,will not connect,future,,not connect,TRUE,,
,won't connect,future,,not connect,TRUE,,
,did not connect,past,,not connect,TRUE,,
,didn't connect,past,,not connect,TRUE,,
,does not connect,present,,not connect,TRUE,,
,doesn't connect,present,,not connect,TRUE,,
,is thought to connect,present,,connect,,speculative,
,was thought to connect,past,,connect,,speculative,
,were thought to connect,past,,connect,,speculative,
,has been thought to connect,past,,connect,,speculative,
,is thought to be connected by,present,connect,,,speculative,
,was thought to be connected by,past,connect,,,speculative,
,were thought to be connected by,past,connect,,,speculative,
,has been thought to be connected by,past,connect,,,speculative,
,have been thought to be connected by,past,connect,,,speculative,
,was thought to have been connected by,past,connect,,,speculative,
,were thought to have been connected by,past,connect,,,speculative,
,has been thought to have been connected by,past,connect,,,speculative,
,considered as,present,,,,,what to do with this?
,not considered as,present,,,TRUE,,
,consume,present,,,,,
,consumes,present,,,,,what to do with this?
,consumed,past,,,,,
,not consume,present,,,TRUE,,
,correlate,prsent,,,,,
,correlate with,present,,,,,
,not correlate with,present,,,TRUE,,
,correlates with,present,,,,,
,is correlated with,present,,correlate with,,,
,was correlated with,past,,correlate with,,,
,is not not correlated with,present,,not correlate with,TRUE,,
,was not correlated with,past,,not correlate with,TRUE,,
,has not been correlated with,past,,not correlate with,TRUE,,
,are correlated with,present,,correlate with,,,
,are not correlated with,present,,not correlate with,TRUE,,
,were not correlated with,past,,not correlate with,TRUE,,
,have not been correlated with,past,,not correlate with,TRUE,,
,create,present,,,,,
,creates,present,,create,,,
,not create,present,,,TRUE,,
,created by,present,create,,,,
,not created by,present,not create,,TRUE,,
,is created by,present,create,,,,
,is not created by,present,not create,,TRUE,,
,are created by,present,create,,,,
,are not created by,present,create,,TRUE,,
,was not created by,past,create,,TRUE,,
,were not created by,past,create,,TRUE,,
,were created by,past,create,,TRUE,,
,is thought to be created by,present,create,,,speculative,
,was thought to be created by,past,create,,,speculative,
,are thought to be created by,present,create,,,speculative,
,is not thought to be created by,present,create,,TRUE,speculative,
,are not thought to be created by,present,create,,TRUE,speculative,
,was not thought  to be created by,past,create,,TRUE,speculative,
,were not thought to be created by,past,create,,TRUE,speculative,
,is thought to have been created by,past,create,,,speculative,
,was thought to have been created by,past,create,,,speculative,
,are thought to have been created by,past,create,,,speculative,
,is not thought to have been created by,past,create,,TRUE,speculative,
,are not thought to have been created by,past,create,,TRUE,speculative,
,was not thought  to have been created by,past,create,,TRUE,speculative,
,were not thought to have been created by,past,create,,TRUE,speculative,
,acetylate,present,,,,,
,not acetylate,present,,,TRUE,,
,acetylates,present,,acetylate,,,
,acetylated by,present,acetylate,,,,
,not acetylated by,present,not acetylate,,TRUE,,
,is acetylated by,present,acetylate,,,,
,are acetylated by,present,acetylate,,,,
,are not acetylated by,present,not acetylate,,TRUE,,
,are not acetylated by,present,,,TRUE,,
,was not acetylated by,past,,,TRUE,,
,were not acetylated by,past,,,TRUE,,
,aren't acetylated by,present,not acetylate,,TRUE,,
,isn't acetylated by,present,not acetylate,,TRUE,,
,deacetylate,present,,,,,
,wasn't actylated by,past,,,,,
,not deacetylate,present,,,TRUE,,
,deacetylates,present,,deacetylate,,,
,deacetylated by,present,deacetylate,,,,
,not deacetylated by,present,not deacetylate,,TRUE,,
,is deacetylated by,present,deacetylate,,,,
,are deacetylated by,present,deacetylate,,,,
,is not deacetylated by,present,not deacetylate,,TRUE,,
,are not deacetylated by,present,not deacetylate,,TRUE,,
,was not deacetylated by,past,not deacetylate,,TRUE,,
,were not deacetylated by,past,not deacetylate,,TRUE,,
,isn't deacetylated by,present,not deacetylate,,TRUE,,
,aren't deacetylated by,present,not deacetylate,,TRUE,,
,wasn't deacetylated by,past,not deacetylate,,TRUE,,
,werent deacetylated by,past,not deacetylate,,TRUE,,
,absorb,present,,,,,
,not absorb,present,,,TRUE,,
,absorbs,present,,absorb,,,
,is absorbed by,present,absorb,,,,
,are absorbed by,present,absorb,,,,
,is not absorbed by,present,absorb,,TRUE,,
,isn't absorbed by,present,absorb,,TRUE,,
,are not absorbed by,present,absorb,,TRUE,,
,aren't  absorbed by,present,absorb,,TRUE,,
,was not absorbed by,past,absorb,,TRUE,,
,wasn't absorbed by,past,absorb,,TRUE,,
,were not absorbed by,past,absorb,,TRUE,,
,weren't absorbed by,past,absorb,,TRUE,,
,is thought to absorb,present,,absorb,,speculative,
,are thought to absorb,present,,absorb,,speculative,
,is not thought to absorb,present,,not absorb,TRUE,speculative,
,isn't thought to absorb,present,,not absorb,TRUE,speculative,
,are not thought to absorb,present,,not absorb,TRUE,speculative,
,aren't thought to absorb,present,,not absorb,TRUE,speculative,
,was not thought to absorb,past,,not absorb,TRUE,speculative,
,wasn't thought to absorb,past,,not absorb,TRUE,speculative,
,were not thought to absorb,past,,not absorb,TRUE,speculative,
,weren't thought to absorb,past,,not absorb,TRUE,speculative,
,accelerate,present,,,,,
,not accelerate,present,,,TRUE,,
,accelerates,present,,accelerate,,,
,is  accelerated by,present,accelerate,,,,
,are accelerated by,present,accelerate,,,,
,is not accelerated by,present,not accelerate,,TRUE,,
,are not accelerated by,present,not accelerate,,TRUE,,
,isn't accelerated by,present,not accelerate,,TRUE,,
,aren't accelerated by,present,not accelerate,,TRUE,,
,was not accelerated by,past,not accelerate,,TRUE,,
,wasn't accelerated by,past,not accelerate,,TRUE,,
,were not accelerated by,past,not accelerate,,TRUE,,
,weren't accelerated by,past,not accelerate,,TRUE,,
,is thought to accelerate,present,,accelerate,,speculative,
,are thought to accelerate,present,,accelerate,,speculative,
,is not thought to accelerate,present,,not accelerate,TRUE,speculative,
,are not thought to accelerate,present,,not accelerate,TRUE,speculative,
,was thought to accelerate,past,,accelerate,,speculative,
,were thought to accelerate,past,,accelerate,,speculative,
,was not thought to accelerate,past,,not accelerate,TRUE,speculative,
,wasn't thought to accelerate,past,,not accelerate,TRUE,speculative,
,were not thought to accelerate,past,,not accelerate,TRUE,speculative,
,weren't thought to accelerate,past,,not accelerate,TRUE,speculative,
,is thought to be accelerated by,present,accelerate,,,speculative,
,are thought to be accelerated by,present,accelerate,,,speculative,
,is thought to have been accelerated by,present,accelerate,,,speculative,
,are thought to have been accelerated by,present,accelerate,,,speculative,
,was thought to have been accelerated by,past,accelerate,,,speculative,
,were thought to have been accelerated by,past,accelerate,,,speculative,
,is not thought to be accelerated by,present,not accelerate,,TRUE,speculative,
,are not thought to be accelerated by,present,not accelerate,,TRUE,speculative,
,is not thought to have been accelerated by,present,not accelerate,,TRUE,speculative,
,are not thought to have been accelerated by,present,not accelerate,,TRUE,speculative,
,was not thought to have been accelerated by,past,not accelerate,,TRUE,speculative,
,were not thought to have been accelerated by,past,not accelerate,,TRUE,speculative,
,decelerate,present,,,,,
,not decelerate,present,,,TRUE,,
,decelerates,present,,decelerate,,,
,is  decelerated by,present,decelerate,,,,
,are decelerated by,present,decelerate,,,,
,is not decelerated by,present,not decelerate,,TRUE,,
,are not decelerated by,present,not decelerate,,TRUE,,
,isn't decelerated by,present,not decelerate,,TRUE,,
,aren't decelerated by,present,not decelerate,,TRUE,,
,was not decelerated by,past,not decelerate,,TRUE,,
,wasn't decelerated by,past,not decelerate,,TRUE,,
,were not decelerated by,past,not decelerate,,TRUE,,
,weren't decelerated by,past,not decelerate,,TRUE,,
,is thought to decelerate,present,,decelerate,,speculative,
,are thought to decelerate,present,,decelerate,,speculative,
,is not thought to decelerate,present,,not decelerate,TRUE,speculative,
,are not thought to decelerate,present,,not decelerate,TRUE,speculative,
,was thought to decelerate,past,,decelerate,,speculative,
,were thought to decelerate,past,,decelerate,,speculative,
,was not thought to decelerate,past,,not decelerate,TRUE,speculative,
,wasn't thought to decelerate,past,,not decelerate,TRUE,speculative,
,were not thought to decelerate,past,,not decelerate,TRUE,speculative,
,weren't thought to decelerate,past,,not decelerate,TRUE,speculative,
,is thought to be decelerated by,present,decelerate,,,speculative,
,are thought to be decelerated by,present,decelerate,,,speculative,
,is thought to have been decelerated by,present,decelerate,,,speculative,
,are thought to have been decelerated by,present,decelerate,,,speculative,
,was thought to have been decelerated by,past,decelerate,,,speculative,
,were thought to have been decelerated by,past,decelerate,,,speculative,
,is not thought to be decelerated by,present,not decelerate,,TRUE,speculative,
,are not thought to be decelerated by,present,not decelerate,,TRUE,speculative,
,is not thought to have been decelerated by,present,not decelerate,,TRUE,speculative,
,are not thought to have been decelerated by,present,not decelerate,,TRUE,speculative,
,was not thought to have been decelerated by,past,not decelerate,,TRUE,speculative,
,were not thought to have been decelerated by,past,not decelerate,,TRUE,speculative,
,accumulate,present,,,,,
,not accumulate,present,,,TRUE,,
,accumulates,present,,accumulate,,,
,is  accumulated by,present,accumulate,,,,
,are accumulateed by,present,accumulate,,,,
,is not accumulated by,present,not accumulate,,TRUE,,
,are not accumulated by,present,not accumulate,,TRUE,,
,isn't accumulated by,present,not accumulate,,TRUE,,
,aren't accumulated by,present,not accumulate,,TRUE,,
,was not accumulated by,past,not accumulate,,TRUE,,
,wasn't accumulated by,past,not accumulate,,TRUE,,
,were not accumulated by,past,not accumulate,,TRUE,,
,weren't accumulated by,past,not accumulate,,TRUE,,
,is thought to accumulate,present,,accumulate,,speculative,
,are thought to accumulate,present,,accumulate,,speculative,
,is not thought to accumulate,present,,not accumulate,TRUE,speculative,
,are not thought to accumulate,present,,not accumulate,TRUE,speculative,
,was thought to accumulate,past,,accumulate,,speculative,
,were thought to accumulate,past,,accumulate,,speculative,
,was not thought to accumulate,past,,not accumulate,TRUE,speculative,
,wasn't thought to accumulate,past,,not accumulate,TRUE,speculative,
,were not thought to accumulate,past,,not accumulate,TRUE,speculative,
,weren't thought to accumulate,past,,not accumulate,TRUE,speculative,
,is thought to be accumulated by,present,accumulate,,,speculative,
,are thought to be accumulated by,present,accumulate,,,speculative,
,is thought to have been accumulated by,present,accumulate,,,speculative,
,are thought to have been accumulated by,present,accumulate,,,speculative,
,was thought to have been accumulated by,past,accumulate,,,speculative,
,were thought to have been accumulated by,past,accumulate,,,speculative,
,is not thought to be accumulated by,present,not accumulate,,TRUE,speculative,
,are not thought to be accumulated by,present,not accumulate,,TRUE,speculative,
,is not thought to have been accumulated by,present,not accumulate,,TRUE,speculative,
,are not thought to have been accumulated by,present,not accumulate,,TRUE,speculative,
,was not thought to have been accumulated by,past,not accumulate,,TRUE,speculative,
,were not thought to have been accumulated by,past,not accumulate,,TRUE,speculative,
,act as,present,,act as,,,
,acts as,present,,,,,
,not act as,present,,,TRUE,,
,acted as,past,,act as,,,
,is thought to act as,present,,act as,,speculative,
,are thought to act as,present,,act as,,speculative,
,is not thought to act as,present,,not act as,TRUE,speculative,
,are not thought to act as,present,,not act as,TRUE,speculative,
,was thought to act as,past,,act as,,speculative,
,were thought to accumulate,past,,act as,,speculative,
,was not thought to act as,past,,not act as,TRUE,speculative,
,wasn't thought to act as,past,,not act as,TRUE,speculative,
,were not thought to act as,past,,not act as,TRUE,speculative,
,weren't thought to act as,past,,not act as,TRUE,speculative,
,activate,present,,,,,
,activates,present,,activate,,,
,not activate,present,,,TRUE,,
,is  activated by,present,activate,,,,
,are activated by,present,activate,,,,
,is not activated by,present,not activate,,TRUE,,
,are not activated by,present,not activate,,TRUE,,
,isn't activated by,present,not activate,,TRUE,,
,aren't activated by,present,not activate,,TRUE,,
,was not activated by,past,not activate,,TRUE,,
,wasn't activated by,past,not activate,,TRUE,,
,were not activated by,past,not activate,,TRUE,,
,weren't activated by,past,not activate,,TRUE,,
,is thought to activate,present,,activate,,speculative,
,are thought to activate,present,,activate,,speculative,
,is not thought to activate,present,,not activate,TRUE,speculative,
,are not thought to activate,present,,not activate,TRUE,speculative,
,was thought to activate,past,,activate,,speculative,
,were thought to activate,past,,activate,,speculative,
,was not thought to activate,past,,not activate,TRUE,speculative,
,wasn't thought to activate,past,,not activate,TRUE,speculative,
,were not thought to activate,past,,not activate,TRUE,speculative,
,weren't thought to activate,past,,not activate,TRUE,speculative,
,is thought to be activated by,present,activate,,,speculative,
,are thought to be activated by,present,activate,,,speculative,
,is thought to have been activated by,present,activate,,,speculative,
,are thought to have been activated by,present,activate,,,speculative,
,was thought to have been activated by,past,activate,,,speculative,
,were thought to have been activated by,past,activate,,,speculative,
,is not thought to be activated by,present,not activate,,TRUE,speculative,
,are not thought to be activated by,present,not activate,,TRUE,speculative,
,is not thought to have been activated by,present,not activate,,TRUE,speculative,
,are not thought to have been activated by,present,not activate,,TRUE,speculative,
,was not thought to have been activated by,past,not activate,,TRUE,speculative,
,were not thought to have been activated by,past,not activate,,TRUE,speculative,
,deactivate,present,,,,,
,not deactivate,present,,,TRUE,,
,deactivates,present,,deactivate,,,
,is  deactivated by,present,deactivate,,,,
,are deactivated by,present,deactivate,,,,
,is not deactivated by,present,not deactivate,,TRUE,,
,are not deactivated by,present,not deactivate,,TRUE,,
,isn't deactivated by,present,not deactivate,,TRUE,,
,aren't deactivated by,present,not deactivate,,TRUE,,
,was not deactivated by,past,not deactivate,,TRUE,,
,wasn't deactivated by,past,not deactivate,,TRUE,,
,were not deactivated by,past,not deactivate,,TRUE,,
,weren't deactivated by,past,not deactivate,,TRUE,,
,is thought to deactivate,present,,deactivate,,speculative,
,are thought to deactivate,present,,deactivate,,speculative,
,is not thought to deactivate,present,,not deactivate,TRUE,speculative,
,are not thought to deactivate,present,,not deactivate,TRUE,speculative,
,was thought to deactivate,past,,deactivate,,speculative,
,were thought to deactivate,past,,deactivate,,speculative,
,was not thought to deactivate,past,,not deactivate,TRUE,speculative,
,wasn't thought to deactivate,past,,not deactivate,TRUE,speculative,
,were not thought to deactivate,past,,not deactivate,TRUE,speculative,
,weren't thought to deactivate,past,,not deactivate,TRUE,speculative,
,is thought to be deactivated by,present,deactivate,,,speculative,
,are thought to be deactivated by,present,deactivate,,,speculative,
,is thought to have been deactivated by,present,deactivate,,,speculative,
,are thought to have been deactivated by,present,deactivate,,,speculative,
,was thought to have been deactivated by,past,deactivate,,,speculative,
,were thought to have been deactivated by,past,deactivate,,,speculative,
,is not thought to be deactivated by,present,not deactivate,,TRUE,speculative,
,are not thought to be deactivated by,present,not deactivate,,TRUE,speculative,
,is not thought to have been deactivated by,present,not deactivate,,TRUE,speculative,
,are not thought to have been deactivated by,present,not deactivate,,TRUE,speculative,
,was not thought to have been deactivated by,past,not deactivate,,TRUE,speculative,
,were not thought to have been deactivated by,past,not deactivate,,TRUE,speculative,
,adapt,present,,,,,
,not adapt,present,,,TRUE,,
,adapts,present,,adapt,,,
,,,,,,,
,add,present,,,,,
,not add,present,,,TRUE,,
,adds,present,,add,,,
,is  added by,present,add,,,,
,are added by,present,add,,,,
,is not added by,present,not add,,TRUE,,
,are not added by,present,not add,,TRUE,,
,isn't added by,present,not add,,TRUE,,
,aren't added by,present,not add,,TRUE,,
,was not added by,past,not add,,TRUE,,
,wasn't added by,past,not add,,TRUE,,
,were not added by,past,not add,,TRUE,,
,weren't add\ed by,past,not add,,TRUE,,
,is thought to add,present,,add,,speculative,
,are thought to add,present,,add,,speculative,
,is not thought to add,present,,not add,TRUE,speculative,
,are not thought to add,present,,not add,TRUE,speculative,
,was thought to add,past,,add,,speculative,
,were thought to add,past,,add,,speculative,
,was not thought to add,past,,not add,TRUE,speculative,
,wasn't thought to add,past,,not add,TRUE,speculative,
,were not thought to add,past,,not add,TRUE,speculative,
,weren't thought to add,past,,not add,TRUE,speculative,
,is thought to be added by,present,add,,,speculative,
,are thought to be added by,present,add,,,speculative,
,is thought to have been added by,present,add,,,speculative,
,are thought to have been added by,present,add,,,speculative,
,was thought to have been added by,past,add,,,speculative,
,were thought to have been added by,past,add,,,speculative,
,is not thought to be added by,present,not add,,TRUE,speculative,
,are not thought to be added by,present,not add,,TRUE,speculative,
,is not thought to have been added by,present,not add,,TRUE,speculative,
,are not thought to have been added by,present,not add,,TRUE,speculative,
,was not thought to have been added by,past,not add,,TRUE,speculative,
,were not thought to have been added by,past,not add,,TRUE,speculative,
,affect,present,,,,,
,not affect,present,,,TRUE,,
,affects,present,,affect,,,
,affected,past,,affect,,,
,is affected by,present,affect,,,,
,are affected by,present,affect,,,,
,isn't affected by,present,not affect,,TRUE,,
,aren't affected by,present,not affect,,TRUE,,
,was not affected by,past,not affect,,TRUE,,
,wasn't affected by,past,not affect,,TRUE,,
,were not affected by,past,not affect,,TRUE,,
,weren't affected by,past,not affect,,TRUE,,
,is thought to affect,present,,affect,,speculative,
,are thought to affect,present,,affect,,speculative,
,is not thought to affect,present,,not affect,TRUE,speculative,
,are not thought to affect,present,,not affect,TRUE,speculative,
,was thought to affect,past,,affect,,speculative,
,were thought to affect,past,,affect,,speculative,
,was not thought to affect,past,,not affect,TRUE,speculative,
,wasn't thought to affect,past,,not affect,TRUE,speculative,
,were not thought to affect,past,,not affect,TRUE,speculative,
,weren't thought to affect,past,,not affect,TRUE,speculative,
,is thought to be affected by,present,affect,,,speculative,
,are thought to be affected by,present,affect,,,speculative,
,is thought to have been affected by,present,affect,,,speculative,
,are thought to have been affected by,present,affect,,,speculative,
,was thought to have been affected by,past,affect,,,speculative,
,were thought to have been affected by,past,affect,,,speculative,
,is not thought to be affected by,present,not affect,,TRUE,speculative,
,are not thought to be affected by,present,not affect,,TRUE,speculative,
,is not thought to have been affected by,present,not affect,,TRUE,speculative,
,are not thought to have been affected by,present,not affect,,TRUE,speculative,
,was not thought to have been affected by,past,not affect,,TRUE,speculative,
,were not thought to have been affected by,past,not affect,,TRUE,speculative,
,aggregate,present,,,,,
,not aggregate,present,,,TRUE,,
,aggregates,present,,aggregate,,,
,aggregated,past,,aggregate,,,
,is aggregated by,present,aggregate,,,,
,are aggregated by,present,aggregate,,,,
,isn't aggregated by,present,not aggregate,,TRUE,,
,aren't aggregated by,present,not aggregate,,TRUE,,
,was not aggregated by,past,not aggregate,,TRUE,,
,wasn't aggregated by,past,not aggregate,,TRUE,,
,were not aggregated by,past,not aggregate,,TRUE,,
,weren't aggregated by,past,not aggregate,,TRUE,,
,is thought to aggregate,present,,aggregate,,speculative,
,are thought to aggregate,present,,aggregate,,speculative,
,is not thought to aggregate,present,,not aggregate,TRUE,speculative,
,are not thought to aggregate,present,,not aggregate,TRUE,speculative,
,was thought to aggregate,past,,aggregate,,speculative,
,were thought to aggregate,past,,aggregate,,speculative,
,was not thought to aggregate,past,,not aggregate,TRUE,speculative,
,wasn't thought to aggregate,past,,not aggregate,TRUE,speculative,
,were not thought to aggregate,past,,not aggregate,TRUE,speculative,
,weren't thought to aggregate,past,,not aggregate,TRUE,speculative,
,is thought to be aggregated by,present,aggregate,,,speculative,
,are thought to be aggregated by,present,aggregate,,,speculative,
,is thought to have been aggregated by,present,aggregate,,,speculative,
,are thought to have been aggregated by,present,aggregate,,,speculative,
,was thought to have been aggregated by,past,aggregate,,,speculative,
,were thought to have been aggregated by,past,aggregate,,,speculative,
,is not thought to be aggregated by,present,not aggregate,,TRUE,speculative,
,are not thought to be aggregated by,present,not aggregate,,TRUE,speculative,
,is not thought to have been aggregated by,present,not aggregate,,TRUE,speculative,
,are not thought to have been aggregated by,present,not aggregate,,TRUE,speculative,
,was not thought to have been aggregated by,past,not aggregate,,TRUE,speculative,
,were not thought to have been aggregated by,past,not aggregate,,TRUE,speculative,
,cause,present,,,,,
,not cause,present,,,TRUE,,
,causes,present,,cause,,,
,caused,past,,cause,,,
,is caused by,present,cause,,,,
,are caused by,present,cause,,,,
,isn't caused by,present,not cause,,TRUE,,
,aren't caused by,present,not cause,,TRUE,,
,was not caused by,past,not cause,,TRUE,,
,wasn't caused by,past,not cause,,TRUE,,
,were not caused by,past,not cause,,TRUE,,
,weren't caused by,past,not cause,,TRUE,,
,is thought to cause,present,,cause,,speculative,
,are thought to cause,present,,cause,,speculative,
,is not thought to cause,present,,not cause,TRUE,speculative,
,are not thought to cause,present,,not cause,TRUE,speculative,
,was thought to cause,past,,cause,,speculative,
,were thought to cause,past,,cause,,speculative,
,was not thought to cause,past,,not cause,TRUE,speculative,
,wasn't thought to cause,past,,not cause,TRUE,speculative,
,were not thought to cause,past,,not cause,TRUE,speculative,
,weren't thought to cause,past,,not cause,TRUE,speculative,
,is thought to be caused by,present,cause,,,speculative,
,are thought to be caused by,present,cause,,,speculative,
,is thought to have been caused by,present,cause,,,speculative,
,are thought to have been caused by,present,cause,,,speculative,
,was thought to have been caused by,past,cause,,,speculative,
,were thought to have been caused by,past,cause,,,speculative,
,is not thought to be caused by,present,not cause,,TRUE,speculative,
,are not thought to be caused by,present,not cause,,TRUE,speculative,
,is not thought to have been caused by,present,not cause,,TRUE,speculative,
,are not thought to have been caused by,present,not cause,,TRUE,speculative,
,was not thought to have been caused by,past,not cause,,TRUE,speculative,
,were not thought to have been caused by,past,not cause,,TRUE,speculative,